CHR	POS
1	7119419
1	8426071
1	10117732
1	18813023
1	39181093
1	47092261
1	48345118
1	49593233
1	53312628
1	53312628
1	54106570
1	57838654
1	76725239
1	80484795
1	85163256
1	93086630
1	99334467
1	101414449
1	101414449
1	147564992
1	147747118
1	154319482
1	154825677
1	154835459
1	154845097
1	154852794
1	154882579
1	154882579
1	154925709
1	154925709
1	154951539
1	155034817
1	155042492
1	155047234
1	155070410
1	155096272
1	155107001
1	155135691
1	155148667
1	155154472
1	155160360
1	155162560
1	155162560
1	155162560
1	155162560
1	155179361
1	155192276
1	155216938
1	155225189
1	155235252
1	155235843
1	155235843
1	155235878
1	155236376
1	155236376
1	155401328
1	155419060
1	155432750
1	155900625
1	155908941
1	155974835
1	156038197
1	156060246
1	156060246
1	156094089
1	156129878
1	156130948
1	156137072
1	156176849
1	156185069
1	156185069
1	156242034
1	156330940
1	156364040
1	156878696
1	160652981
1	161499264
1	161499264
1	161647726
1	161945711
1	164577626
1	168676452
1	171704096
1	171750629
1	172406981
1	200936379
1	204582702
1	205694350
1	205707135
1	205714227
1	205744250
1	205750404
1	205754444
1	205754444
1	205754444
1	205754444
1	205754444
1	205768611
1	205768611
1	205770138
1	205770138
1	205783537
1	205783537
1	205787356
1	205793011
1	205793011
1	205795512
1	226659011
1	226728377
1	226728377
1	226728377
1	226728377
1	226731418
1	227966216
1	232528865
1	232528865
1	232528865
1	232528865
1	232533936
1	232533936
1	237495847
2	7922542
2	10473945
2	10475693
2	14899490
2	17966582
2	17966582
2	23493673
2	23715737
2	29865460
2	30883189
2	32623787
2	44056033
2	44069141
2	44078322
2	46047305
2	51505322
2	56375408
2	61028470
2	61267125
2	61458142
2	62072723
2	69446891
2	69496578
2	70792489
2	77072319
2	79743556
2	79764224
2	82279502
2	85159045
2	94894760
2	95327498
2	95335195
2	101780501
2	101780501
2	101796654
2	101988187
2	108292945
2	113341877
2	113726682
2	113992208
2	114116264
2	114404126
2	114794880
2	124952741
2	126486222
2	134681219
2	134707046
2	134707046
2	134782397
2	134782397
2	134782397
2	134782397
2	134825938
2	134834811
2	141242702
2	142166919
2	147791192
2	165277122
2	168253884
2	168253884
2	168253884
2	168260515
2	168264031
2	168264031
2	168286525
2	168286525
2	168299085
2	168299490
2	188886137
2	189032668
2	191746287
2	232982170
2	236006395
2	236024319
3	374758
3	12337003
3	17274004
3	18159827
3	18181950
3	18235996
3	18320267
3	23951314
3	28664199
3	28664199
3	28664199
3	28664273
3	45238031
3	48711556
3	48711556
3	48711556
3	52782824
3	54550560
3	58289322
3	59442071
3	60019504
3	61645448
3	64713769
3	77680692
3	118896616
3	121844193
3	122478045
3	122535800
3	122549781
3	127563982
3	127563982
3	127677216
3	128685462
3	129488105
3	132968223
3	133267112
3	145333493
3	151391177
3	151395180
3	151405709
3	151413434
3	159199533
3	161350778
3	161359842
3	161359842
3	161375544
3	162979985
3	169444312
3	179143629
3	179225280
3	183012503
3	183017423
3	183030741
3	183034255
3	183037421
3	183042285
3	183042285
3	183042285
3	183042285
3	183044649
3	183044649
3	183103487
3	183160467
4	740563
4	850993
4	858525
4	864544
4	879498
4	931588
4	945299
4	945325
4	950422
4	958159
4	958159
4	958159
4	958159
4	958159
4	958159
4	958159
4	958159
4	958159
4	958159
4	958159
4	970571
4	970571
4	970571
4	2847441
4	10095068
4	15564251
4	15726090
4	15735478
4	15735478
4	15735478
4	15735495
4	15735725
4	15735725
4	15735725
4	15735725
4	15735725
4	15735725
4	15736314
4	15751947
4	17956065
4	17967188
4	21291814
4	32375035
4	32433662
4	32433662
4	67581531
4	74898814
4	75556520
4	76173388
4	76189212
4	76189212
4	76226816
4	76255695
4	76260559
4	76276901
4	76276901
4	76277833
4	76277833
4	76277833
4	76277833
4	76277833
4	76457698
4	82795987
4	89447394
4	89582510
4	89587189
4	89685975
4	89704947
4	89704947
4	89704960
4	89704960
4	89704960
4	89704960
4	89704960
4	89704960
4	89704960
4	89704960
4	89704960
4	89704960
4	89704960
4	89715479
4	89715479
4	89716450
4	89716450
4	89716450
4	89716450
4	89718364
4	89720189
4	89720189
4	89720189
4	89720189
4	89720189
4	89720189
4	89720189
4	89720189
4	89723303
4	89744890
4	89744890
4	89744890
4	89757390
4	89757390
4	89761323
4	89766356
4	89766356
4	89818097
4	89822180
4	89836143
4	89836143
4	89836158
4	89838405
4	89840793
4	89840793
4	89859751
4	89876150
4	89938128
4	90059181
4	90290373
4	90531895
4	102267552
4	113422713
4	113439216
4	113447909
4	113447909
4	113447909
4	128575788
4	129282285
4	130211377
4	155466679
4	160096054
4	162411802
4	162444962
4	163805232
4	163863027
4	169102741
4	169213253
4	169221172
4	169257522
4	169642795
4	169662006
4	169681072
4	171322309
4	173199479
5	2168274
5	4699328
5	9332169
5	10558686
5	29147467
5	33511922
5	44515833
5	60842132
5	60842132
5	60842132
5	60964716
5	60971475
5	60978096
5	76303351
5	76303383
5	76621596
5	77616673
5	78564785
5	80466395
5	102983270
5	103030090
5	103321687
5	109101257
5	121641545
5	122191027
5	122193658
5	124774580
5	124774580
5	126846170
5	134763068
5	134863415
5	138448001
5	141729093
5	151185073
5	157675151
5	160926982
5	162251793
5	171669998
5	172171430
5	180367208
6	13658277
6	20014707
6	26660427
6	27331788
6	27584991
6	27708530
6	27709015
6	27713436
6	27713436
6	27771022
6	28086420
6	30140906
6	31878457
6	32420032
6	32441753
6	32441753
6	32441753
6	32591414
6	32597424
6	32602640
6	32604184
6	32684419
6	32698883
6	32698883
6	68125405
6	71778059
6	71778059
6	71779330
6	74737372
6	91364741
6	111830249
6	111847106
6	111849927
6	111921050
6	111921050
6	111922088
6	111922088
6	119067987
6	119112570
6	124786353
6	128116396
6	128432777
6	128779745
6	132797077
6	132889222
6	143606327
6	154405854
6	162403694
6	163468151
6	163495402
7	2113436
7	2757620
7	13825936
7	17673826
7	23084258
7	23149317
7	23202247
7	23254127
7	23254127
7	23260430
7	23260430
7	33144410
7	45614358
7	66544864
7	76411547
7	80250162
7	95694747
7	100492237
7	101004230
7	105760536
7	112276274
7	121082589
7	142151824
7	151565219
8	8450133
8	8450156
8	11841238
8	11849665
8	11854934
8	11854934
8	11854934
8	11854934
8	16839582
8	16839582
8	16840084
8	16841934
8	16843772
8	16854852
8	17172148
8	20330835
8	22595913
8	22668467
8	22668467
8	22676665
8	28664344
8	33484023
8	40196086
8	60251336
8	61820377
8	61900312
8	62291212
8	74970819
8	89149354
8	104237044
8	109616115
8	109632545
8	115626410
8	121340344
8	129873161
8	129889663
8	132732732
8	134598911
9	6736564
9	8454921
9	13658483
9	17579692
9	17579692
9	17579692
9	17579692
9	17726890
9	17727067
9	17731923
9	17733308
9	17736344
9	22664278
9	33974894
9	34046393
9	34046393
9	35269822
9	35742005
9	74302924
9	84627637
9	95864266
9	101115169
9	109166733
9	119297431
9	119433482
9	127573139
9	133080439
9	134061966
9	134062754
9	134068979
9	134068979
9	134073839
9	134074870
9	134075208
9	134075208
9	134075767
9	134075767
9	134075768
9	134075768
9	134075772
9	134075772
9	134075775
9	134075775
9	134075920
9	134075920
9	134075927
9	134075927
9	134075958
9	134075966
9	134075966
9	134076084
9	134076084
9	134076173
9	134076173
9	134076423
9	134076423
9	134076657
9	134076668
9	134077014
9	134077014
9	134077301
9	134077438
9	137224169
9	138121810
10	11459572
10	15507549
10	15514323
10	15515407
10	15519544
10	15527599
10	15527599
10	33942102
10	44665661
10	58005224
10	69820364
10	72875989
10	73004124
10	73056841
10	100014898
10	102245653
10	102255522
10	102255522
10	102831636
10	103068269
10	119612816
10	119651405
10	119656173
10	119699575
10	119776815
10	119776815
10	119776815
10	119856143
10	119950976
10	120558635
10	127880410
11	665279
11	8882396
11	10511509
11	10511626
11	10537230
11	10537230
11	22092547
11	22561522
11	32760273
11	32874118
11	37312016
11	41461469
11	57926788
11	62316070
11	83776234
11	83792361
11	83794323
11	83798730
11	83799074
11	83833429
11	83833429
11	83833429
11	84706803
11	96375264
11	107127349
11	114821560
11	117392281
11	121108608
11	133895472
11	133895472
11	133917106
11	133917106
11	133917106
11	133930874
12	895041
12	5829410
12	9815217
12	12677103
12	16448486
12	20812884
12	27584141
12	32089513
12	32657825
12	32826971
12	33075690
12	33148871
12	33974571
12	39959194
12	40006146
12	40019503
12	40034759
12	40064582
12	40141971
12	40220632
12	40220632
12	40220632
12	40220632
12	40227006
12	40227006
12	40250950
12	40252984
12	40259708
12	40340400
12	40340400
12	40340400
12	40340400
12	40340400
12	40340400
12	40363526
12	40363526
12	40363526
12	40363526
12	40379882
12	40379882
12	40528770
12	40542837
12	40583994
12	40861076
12	40971838
12	40971838
12	41754811
12	41901977
12	42141601
12	42655580
12	46022959
12	46025303
12	53403452
12	106556209
12	108067384
12	122638867
12	122807956
12	122811747
12	122819039
12	122819039
12	122819039
12	122838013
12	122842051
12	122842051
12	122842051
12	122842051
12	123086549
12	123427666
12	125083207
12	128514576
12	132481571
12	132487182
12	132487182
13	29975879
13	31154997
13	36532864
13	46855311
13	49353596
13	49353596
13	49373775
13	49721979
13	61403981
13	81633365
13	88681263
13	88796041
13	88806526
13	88830184
13	88897558
13	88904104
13	88915174
13	88922391
13	88960205
13	89006364
13	89018536
13	89204257
13	97155687
13	97212767
13	97592635
13	100649849
13	109810821
13	110677242
13	110720333
14	21552343
14	34945503
14	37475298
14	37520065
14	37539010
14	38075256
14	46996974
14	49300024
14	49739452
14	53824112
14	54875443
14	54882151
14	54882151
14	54882151
14	54882151
14	54882151
14	54882151
14	54882151
14	54882151
14	54986588
14	55724695
14	55732330
14	59154251
14	67517653
14	67517653
14	74688182
14	74906331
14	87997920
14	87999515
14	88006268
14	88006268
14	88021226
14	94510054
14	102973017
14	102973017
15	23923803
15	27752101
15	33537242
15	41506416
15	45744252
15	50495212
15	50701476
15	58603521
15	61701503
15	61701935
15	61701935
15	61705186
15	61705186
15	61705186
15	61708933
15	61712597
15	63054177
15	63082626
15	71520619
15	79683305
15	81334384
15	85853385
15	88953694
15	94318611
15	94320087
16	1909618
16	3249858
16	12475931
16	16951118
16	16951118
16	19266171
16	19267278
16	19268142
16	19268142
16	19491341
16	28933075
16	29337488
16	30959620
16	30966478
16	30966478
16	31010559
16	31059457
16	31083850
16	31110472
16	31110472
16	50702745
16	50710008
16	52565276
16	52597550
16	52602330
16	52922415
16	52935514
16	61102082
16	61700569
16	78247263
16	78486509
16	79326238
16	82246021
16	88862799
16	88962376
17	3702823
17	3724162
17	4910284
17	7452302
17	7493025
17	8227549
17	11021155
17	16148130
17	16330946
17	17811787
17	22189093
17	31272706
17	42546140
17	42570011
17	42588995
17	44216969
17	44357262
17	44372421
17	44376902
17	45196625
17	45339907
17	45395141
17	45436075
17	45628235
17	45637484
17	45641777
17	45666837
17	45666837
17	45666837
17	45670249
17	45706862
17	45720942
17	45771129
17	45846317
17	45855941
17	45855941
17	45917282
17	45917282
17	45987897
17	46003698
17	46049399
17	46061011
17	46101729
17	46110126
17	46111701
17	46115202
17	46710944
17	46723580
17	46723580
17	46751565
17	46751565
17	46779275
17	46781778
17	46785247
17	46788237
17	46788237
17	46789439
17	46825150
17	60061921
17	61840005
17	61840005
17	62016181
17	62048221
17	62107553
17	62120839
17	68281293
17	70895641
17	71680028
17	72334038
17	78408199
17	78429399
17	81996668
17	82087210
18	7233620
18	7234107
18	13651014
18	13651014
18	29562214
18	31458160
18	33724354
18	33779450
18	34053119
18	35406636
18	43092999
18	43092999
18	43093415
18	43093415
18	43093415
18	43093415
18	43093415
18	43093415
18	43098270
18	43098270
18	43098270
18	43360967
18	51157219
18	51157219
18	73599819
18	75544232
19	2341049
19	2341049
19	2341049
19	2363321
19	2363321
19	2568140
19	18403904
19	18478278
19	22438018
19	44888997
19	44908684
19	44908684
19	44908684
19	44908684
19	45982780
19	49141767
19	50760039
19	55323150
20	3172857
20	3184040
20	3186025
20	3187520
20	3187520
20	6005604
20	6025395
20	13316265
20	17853262
20	18097908
20	18958733
20	26275360
20	31833121
20	31833121
20	37933480
20	47778765
20	63338530
21	15440233
21	15542586
21	17441172
21	21494655
21	37398228
21	37446107
21	37480059
21	37480059
21	37480059
21	41368561
21	41866243
21	44406603
21	45496119
22	31999022
22	34970241
22	37636464
22	39312335
22	41038154
22	41386629
22	44020144
22	50369588
